SET foreign_key_checks = 0;

delete from groups where admin_group_id is not null;
delete from groups;
alter table groups AUTO_INCREMENT = 1;
delete from resources;
alter table resources AUTO_INCREMENT = 1;
delete from accessories;
alter table accessories AUTO_INCREMENT = 1;
delete from users;
alter table users AUTO_INCREMENT = 1;
truncate table group_roles;
truncate table user_groups;


INSERT INTO `accessories` (`accessory_id`, `accessory_name`, `accessory_quantity`, `legacyid`) VALUES
(1, 'Extensor HDMI a HDMI', NULL, NULL),
(2, 'Adapatador VGA a HDMI', 3, NULL),
(3, 'Parlantes USB', 2, NULL),
(4, 'Extensor VGA a VGA', NULL, NULL),
(5, 'Equipo DTR', 1, NULL),
(6, 'Equipo DTR', 1, NULL),
(7, 'Datashow', NULL, NULL),
(8, 'Aire Acondicionado', NULL, NULL),
(9, 'Mesas', NULL, NULL),
(10, 'Sillas', NULL, NULL),
(11, 'Adapatador VGA a HDMI', NULL, NULL),
(12, 'Extensor HDMI a HDMI', NULL, NULL),
(13, 'Extensor VGA a VGA', NULL, NULL),
(14, 'Apple TV', NULL, NULL);

INSERT INTO `custom_attributes` (`custom_attribute_id`, `display_label`, `display_type`, `attribute_category`, `validation_regex`, `is_required`, `possible_values`, `sort_order`, `admin_only`, `secondary_category`, `secondary_entity_ids`, `is_private`) VALUES
(1, 'Responsable', 1, 1, '', 1, NULL, 0, 0, NULL, '', 0),
(2, 'Contacto', 1, 1, '', 0, NULL, 1, 0, NULL, '', 0);

INSERT INTO `groups` (`group_id`, `name`, `admin_group_id`, `legacyid`, `isdefault`) VALUES
(1, 'Administrador Biblioteca', 2, NULL, 0),
(2, 'Administrador Plataforma', NULL, NULL, 0),
(3, 'Administrador Laboratorios', 2, NULL, 0),
(4, 'Docentes', 2, NULL, 1);

INSERT INTO `group_resource_permissions` (`group_id`, `resource_id`, `permission_type`) VALUES
(2, 1, 0),
(2, 2, 0),
(2, 3, 0),
(2, 5, 0),
(2, 6, 0),
(2, 7, 0),
(2, 8, 0),
(2, 9, 0),
(2, 10, 0),
(2, 11, 0),
(2, 12, 0),
(2, 13, 0),
(2, 14, 0),
(2, 15, 0),
(2, 16, 0),
(2, 17, 0),
(2, 18, 0);

INSERT INTO `group_roles` (`group_id`, `role_id`) VALUES
(1, 3),
(2, 1),
(2, 2),
(2, 3),
(2, 4),
(3, 3);

INSERT INTO `layouts` (`layout_id`, `timezone`, `layout_type`) VALUES
(2, 'America/Tegucigalpa', 0),
(3, 'America/Tegucigalpa', 0),
(4, 'America/Tegucigalpa', 0),
(5, 'America/Tegucigalpa', 1);

INSERT INTO `resources` (`resource_id`, `name`, `location`, `contact_info`, `description`, `notes`, `min_duration`, `min_increment`, `max_duration`, `unit_cost`, `autoassign`, `requires_approval`, `allow_multiday_reservations`, `max_participants`, `min_notice_time_add`, `max_notice_time`, `image_name`, `schedule_id`, `legacyid`, `admin_group_id`, `public_id`, `allow_calendar_subscription`, `sort_order`, `resource_type_id`, `status_id`, `resource_status_reason_id`, `buffer_time`, `enable_check_in`, `auto_release_minutes`, `color`, `allow_display`, `credit_count`, `peak_credit_count`, `min_notice_time_update`, `min_notice_time_delete`, `date_created`, `last_modified`) VALUES
(1, 'Laboratorio 02', 'UNICAH, SCJ, Edificio F', 'Administrador de Laboratorios (2222-2222) ext 222', 'Laboratorios de la Facultad de Ciencias de la computación donde se llevan todo tipo de clases principalmente, cualquier petición en especifico será manejada por Don Elin en el Laboratorio 03.', 'Equipo especial se solicita a Don Elin en el cubículo trasero del Laboratorio 03.', 3600, NULL, 14400, NULL, 1, 1, 0, 40, NULL, NULL, 'resource11584318421.jpg', 1, NULL, 3, NULL, 0, 0, 2, 1, NULL, NULL, 0, NULL, '', 0, '0.00', '0.00', NULL, NULL, NULL, '2020-03-16 00:27:04'),
(2, 'Audiovisual 1A', 'UNICAH, SCJ, Biblioteca', 'Administradores de Biblioteca (3333-3333) ext 333', 'Audiovisuales administrados por la Biblioteca donde se pueden llevar acabo distintas actividades como por ejemple Debates, Presentaciones etc.', 'Se solicita por medio del formato de Registro de Calidad PS-H02.', 3600, NULL, 14400, NULL, 1, 1, 0, 100, NULL, NULL, 'resource21584313792.jpg', 2, NULL, 1, NULL, 0, 0, 1, 1, NULL, NULL, 0, NULL, '', 0, '0.00', '0.00', NULL, NULL, NULL, '2020-03-15 23:19:34'),
(3, 'Salón Maya', 'UNICAH, SCJ, Biblioteca', 'Administradores de Biblioteca (3333-3333) ext 333', 'Salones administrados por la Biblioteca donde se pueden llevar acabo distintas actividades como por ejemple Conferencias, Torneos, Ferias etc.', 'Se solicita por medio del formato de Registro de Calidad PS-H02.', 3600, NULL, NULL, NULL, 1, 1, 1, 250, NULL, NULL, 'resource31584313913.jpg', 3, NULL, 1, NULL, 0, 0, 3, 1, NULL, NULL, 0, NULL, '', 0, '0.00', '0.00', NULL, NULL, '2020-03-15 08:32:43', '2020-03-16 00:31:55'),
(5, 'Aula Magna', 'UNICAH, SCJ, Biblioteca', 'Administradores de Biblioteca (3333-3333) ext 333', 'Salones administrados por la Biblioteca donde se pueden llevar acabo distintas actividades como por ejemple Conferencias, Torneos, Ferias etc.', 'Se solicita por medio del formato de Registro de Calidad PS-H02.', 3600, NULL, NULL, NULL, 1, 1, 1, 500, NULL, NULL, 'resource51584313882.jpg', 3, NULL, 1, NULL, 0, 0, 3, 1, NULL, NULL, 0, NULL, '', 0, '0.00', '0.00', NULL, NULL, '2020-03-15 21:01:01', '2020-03-15 23:19:42'),
(6, 'Audiovisual 1B', 'UNICAH, SCJ, Biblioteca', 'Administradores de Biblioteca (3333-3333) ext 333', 'Audiovisuales administrados por la Biblioteca donde se pueden llevar acabo distintas actividades como por ejemple Debates, Presentaciones etc.', 'Se solicita por medio del formato de Registro de Calidad PS-H02.', 3600, NULL, 14400, NULL, 1, 1, 0, 100, NULL, NULL, 'resource61584313815.jpg', 2, NULL, 1, NULL, 0, 0, 1, 1, NULL, NULL, 0, NULL, '', 0, '0.00', '0.00', NULL, NULL, '2020-03-15 21:01:33', '2020-03-15 23:19:36'),
(7, 'Audiovisual 2', 'UNICAH, SCJ, Biblioteca', 'Administradores de Biblioteca (3333-3333) ext 333', 'Audiovisuales administrados por la Biblioteca donde se pueden llevar acabo distintas actividades como por ejemple Debates, Presentaciones etc.', 'Se solicita por medio del formato de Registro de Calidad PS-H02.', 3600, NULL, 14400, NULL, 1, 1, 0, 100, NULL, NULL, 'resource71584313826.jpg', 2, NULL, 1, NULL, 0, 0, 1, 1, NULL, NULL, 0, NULL, '', 0, '0.00', '0.00', NULL, NULL, '2020-03-15 21:01:41', '2020-03-15 23:19:37'),
(8, 'Audiovisual 4', 'UNICAH, SCJ, Biblioteca', 'Administradores de Biblioteca (3333-3333) ext 333', 'Audiovisuales administrados por la Biblioteca donde se pueden llevar acabo distintas actividades como por ejemple Debates, Presentaciones etc.', 'Se solicita por medio del formato de Registro de Calidad PS-H02.', 3600, NULL, 14400, NULL, 1, 1, 0, 100, NULL, NULL, 'resource81584313865.jpg', 2, NULL, 1, NULL, 0, 0, 1, 1, NULL, NULL, 0, NULL, '', 0, '0.00', '0.00', NULL, NULL, '2020-03-15 21:01:46', '2020-03-15 23:19:41'),
(9, 'Audiovisual 3A', 'UNICAH, SCJ, Biblioteca', 'Administradores de Biblioteca (3333-3333) ext 333', 'Audiovisuales administrados por la Biblioteca donde se pueden llevar acabo distintas actividades como por ejemple Debates, Presentaciones etc.', 'Se solicita por medio del formato de Registro de Calidad PS-H02.', 3600, NULL, 14400, NULL, 1, 1, 0, 100, NULL, NULL, 'resource91584313837.jpg', 2, NULL, 1, NULL, 0, 0, 1, 1, NULL, NULL, 0, NULL, '', 0, '0.00', '0.00', NULL, NULL, '2020-03-15 21:01:52', '2020-03-15 23:19:38'),
(10, 'Audiovisual 3B', 'UNICAH, SCJ, Biblioteca', 'Administradores de Biblioteca (3333-3333) ext 333', 'Audiovisuales administrados por la Biblioteca donde se pueden llevar acabo distintas actividades como por ejemple Debates, Presentaciones etc.', 'Se solicita por medio del formato de Registro de Calidad PS-H02.', 3600, NULL, 14400, NULL, 1, 1, 0, 100, NULL, NULL, 'resource101584313846.jpg', 2, NULL, 1, NULL, 0, 0, 1, 1, NULL, NULL, 0, NULL, '', 0, '0.00', '0.00', NULL, NULL, '2020-03-15 21:01:57', '2020-03-15 23:19:40'),
(11, 'Externo 1', 'UNICAH, SCJ, Biblioteca', 'Administradores de Biblioteca (3333-3333) ext 333', 'Audiovisuales administrados por la Biblioteca donde se pueden llevar acabo distintas actividades como por ejemple Debates, Presentaciones etc.', 'Se solicita por medio del formato de Registro de Calidad PS-H02.', 3600, NULL, 14400, NULL, 1, 1, 0, 100, NULL, NULL, 'resource111584313893.jpg', 2, NULL, NULL, NULL, 0, 0, 1, 1, NULL, NULL, 0, NULL, '', 0, '0.00', '0.00', NULL, NULL, '2020-03-15 21:02:25', '2020-03-15 23:19:44'),
(12, 'Externo 2', 'UNICAH, SCJ, Biblioteca', 'Administradores de Biblioteca (3333-3333) ext 333', 'Audiovisuales administrados por la Biblioteca donde se pueden llevar acabo distintas actividades como por ejemple Debates, Presentaciones etc.', 'Se solicita por medio del formato de Registro de Calidad PS-H02.', 3600, NULL, 14400, NULL, 1, 1, 0, 100, NULL, NULL, 'resource121584313900.jpg', 2, NULL, NULL, NULL, 0, 0, 1, 1, NULL, NULL, 0, NULL, '', 0, '0.00', '0.00', NULL, NULL, '2020-03-15 21:02:32', '2020-03-15 23:19:47'),
(13, 'Laboratorio 03', 'UNICAH, SCJ, Edificio F', 'Administrador de Laboratorios (2222-2222) ext 222', 'Laboratorios de la Facultad de Ciencias de la computación donde se llevan todo tipo de clases principalmente, cualquier petición en especifico será manejada por Don Elin en el Laboratorio 03.', 'Equipo especial se solicita a Don Elin en el cubículo trasero del Laboratorio 03.', 3600, NULL, 14400, NULL, 1, 1, 0, 40, NULL, NULL, 'resource131584318464.jpg', 1, NULL, 3, NULL, 0, 0, 2, 1, NULL, NULL, 0, NULL, '', 0, '0.00', '0.00', NULL, NULL, '2020-03-15 21:48:29', '2020-03-16 00:27:46'),
(14, 'Laboratorio 04', 'UNICAH, SCJ, Edificio F', 'Administrador de Laboratorios (2222-2222) ext 222', 'Laboratorios de la Facultad de Ciencias de la computación donde se llevan todo tipo de clases principalmente, cualquier petición en especifico será manejada por Don Elin en el Laboratorio 03.', 'Equipo especial se solicita a Don Elin en el cubículo trasero del Laboratorio 03.', 3600, NULL, 14400, NULL, 1, 1, 0, 40, NULL, NULL, 'resource141584318475.jpg', 1, NULL, 3, NULL, 0, 0, 2, 1, NULL, NULL, 0, NULL, '', 0, '0.00', '0.00', NULL, NULL, '2020-03-15 21:48:38', '2020-03-16 00:27:58'),
(15, 'Laboratorio 05', 'UNICAH, SCJ, Edificio F', 'Administrador de Laboratorios (2222-2222) ext 222', 'Laboratorios de la Facultad de Ciencias de la computación donde se llevan todo tipo de clases principalmente, cualquier petición en especifico será manejada por Don Elin en el Laboratorio 03.', 'Equipo especial se solicita a Don Elin en el cubículo trasero del Laboratorio 03.', 3600, NULL, 14400, NULL, 1, 1, 0, 40, NULL, NULL, 'resource151584318643.jpg', 1, NULL, 3, NULL, 0, 0, 2, 1, NULL, NULL, 0, NULL, '', 0, '0.00', '0.00', NULL, NULL, '2020-03-15 21:48:43', '2020-03-16 00:30:49'),
(16, 'Laboratorio 06', 'UNICAH, SCJ, Edificio F', 'Administrador de Laboratorios (2222-2222) ext 222', 'Laboratorios de la Facultad de Ciencias de la computación donde se llevan todo tipo de clases principalmente, cualquier petición en especifico será manejada por Don Elin en el Laboratorio 03.', 'Equipo especial se solicita a Don Elin en el cubículo trasero del Laboratorio 03.', 3600, NULL, 14400, NULL, 1, 1, 0, 40, NULL, NULL, 'resource161584318664.jpg', 1, NULL, 3, NULL, 0, 0, 2, 1, NULL, NULL, 0, NULL, '', 0, '0.00', '0.00', NULL, NULL, '2020-03-15 21:48:46', '2020-03-16 00:31:08'),
(17, 'Laboratorio 07', 'UNICAH, SCJ, Edificio F', 'Administrador de Laboratorios (2222-2222) ext 222', 'Laboratorios de la Facultad de Ciencias de la computación donde se llevan todo tipo de clases principalmente, cualquier petición en especifico será manejada por Don Elin en el Laboratorio 03.', 'Equipo especial se solicita a Don Elin en el cubículo trasero del Laboratorio 03.', 3600, NULL, 14400, NULL, 1, 1, 0, 40, NULL, NULL, 'resource171584318678.jpg', 1, NULL, 3, NULL, 0, 0, 2, 1, NULL, NULL, 0, NULL, '', 0, '0.00', '0.00', NULL, NULL, '2020-03-15 21:48:50', '2020-03-16 00:31:21'),
(18, 'Laboratorio MAC', 'UNICAH, SCJ, Edificio F', 'Administrador de Laboratorios (2222-2222) ext 222', 'Laboratorios de la Facultad de Ciencias de la computación donde se llevan todo tipo de clases principalmente, cualquier petición en especifico será manejada por Don Elin en el Laboratorio 03.', 'Equipo especial se solicita a Don Elin en el cubículo trasero del Laboratorio 03.', 3600, NULL, 14400, NULL, 1, 1, 0, 40, NULL, NULL, 'resource181584318691.jpg', 1, NULL, 3, NULL, 0, 0, 2, 1, NULL, NULL, 0, NULL, '', 0, '0.00', '0.00', NULL, NULL, '2020-03-15 21:48:56', '2020-03-16 00:31:31');

INSERT INTO `resource_accessories` (`resource_accessory_id`, `resource_id`, `accessory_id`, `minimum_quantity`, `maximum_quantity`) VALUES
(1, 1, 2, NULL, NULL),
(2, 13, 2, NULL, NULL),
(3, 14, 2, NULL, NULL),
(4, 15, 2, NULL, NULL),
(5, 16, 2, NULL, NULL),
(6, 17, 2, NULL, NULL),
(7, 18, 2, NULL, NULL),
(10, 1, 5, NULL, NULL),
(11, 13, 5, NULL, NULL),
(12, 14, 5, NULL, NULL),
(13, 15, 5, NULL, NULL),
(14, 16, 5, NULL, NULL),
(15, 17, 5, NULL, NULL),
(16, 18, 5, NULL, NULL),
(17, 1, 1, NULL, NULL),
(18, 13, 1, NULL, NULL),
(19, 14, 1, NULL, NULL),
(20, 15, 1, NULL, NULL),
(21, 16, 1, NULL, NULL),
(22, 17, 1, NULL, NULL),
(23, 18, 1, NULL, NULL),
(24, 1, 4, NULL, NULL),
(25, 13, 4, NULL, NULL),
(26, 14, 4, NULL, NULL),
(27, 15, 4, NULL, NULL),
(28, 16, 4, NULL, NULL),
(29, 17, 4, NULL, NULL),
(30, 18, 4, NULL, NULL),
(31, 1, 3, NULL, NULL),
(32, 13, 3, NULL, NULL),
(33, 14, 3, NULL, NULL),
(34, 15, 3, NULL, NULL),
(35, 16, 3, NULL, NULL),
(36, 17, 3, NULL, NULL),
(37, 18, 3, NULL, NULL),
(46, 2, 6, NULL, NULL),
(47, 6, 6, NULL, NULL),
(48, 7, 6, NULL, NULL),
(49, 9, 6, NULL, NULL),
(50, 10, 6, NULL, NULL),
(51, 8, 6, NULL, NULL),
(52, 5, 6, NULL, NULL),
(53, 11, 6, NULL, NULL),
(54, 12, 6, NULL, NULL),
(55, 3, 6, NULL, NULL),
(56, 2, 11, NULL, NULL),
(57, 6, 11, NULL, NULL),
(58, 7, 11, NULL, NULL),
(59, 9, 11, NULL, NULL),
(60, 10, 11, NULL, NULL),
(61, 8, 11, NULL, NULL),
(62, 5, 11, NULL, NULL),
(63, 11, 11, NULL, NULL),
(64, 12, 11, NULL, NULL),
(65, 3, 11, NULL, NULL),
(66, 2, 8, NULL, NULL),
(67, 6, 8, NULL, NULL),
(68, 7, 8, NULL, NULL),
(69, 9, 8, NULL, NULL),
(70, 10, 8, NULL, NULL),
(71, 8, 8, NULL, NULL),
(72, 5, 8, NULL, NULL),
(73, 11, 8, NULL, NULL),
(74, 12, 8, NULL, NULL),
(75, 3, 8, NULL, NULL),
(76, 2, 14, NULL, NULL),
(77, 6, 14, NULL, NULL),
(78, 7, 14, NULL, NULL),
(79, 9, 14, NULL, NULL),
(80, 10, 14, NULL, NULL),
(81, 8, 14, NULL, NULL),
(82, 5, 14, NULL, NULL),
(83, 11, 14, NULL, NULL),
(84, 12, 14, NULL, NULL),
(85, 3, 14, NULL, NULL),
(86, 2, 7, NULL, NULL),
(87, 6, 7, NULL, NULL),
(88, 7, 7, NULL, NULL),
(89, 9, 7, NULL, NULL),
(90, 10, 7, NULL, NULL),
(91, 8, 7, NULL, NULL),
(92, 5, 7, NULL, NULL),
(93, 11, 7, NULL, NULL),
(94, 12, 7, NULL, NULL),
(95, 3, 7, NULL, NULL),
(96, 2, 12, NULL, NULL),
(97, 6, 12, NULL, NULL),
(98, 7, 12, NULL, NULL),
(99, 9, 12, NULL, NULL),
(100, 10, 12, NULL, NULL),
(101, 8, 12, NULL, NULL),
(102, 5, 12, NULL, NULL),
(103, 11, 12, NULL, NULL),
(104, 12, 12, NULL, NULL),
(105, 3, 12, NULL, NULL),
(106, 2, 13, NULL, NULL),
(107, 6, 13, NULL, NULL),
(108, 7, 13, NULL, NULL),
(109, 9, 13, NULL, NULL),
(110, 10, 13, NULL, NULL),
(111, 8, 13, NULL, NULL),
(112, 5, 13, NULL, NULL),
(113, 11, 13, NULL, NULL),
(114, 12, 13, NULL, NULL),
(115, 3, 13, NULL, NULL),
(116, 2, 9, NULL, NULL),
(117, 6, 9, NULL, NULL),
(118, 7, 9, NULL, NULL),
(119, 9, 9, NULL, NULL),
(120, 10, 9, NULL, NULL),
(121, 8, 9, NULL, NULL),
(122, 5, 9, NULL, NULL),
(123, 11, 9, NULL, NULL),
(124, 12, 9, NULL, NULL),
(125, 3, 9, NULL, NULL),
(126, 2, 10, NULL, NULL),
(127, 6, 10, NULL, NULL),
(128, 7, 10, NULL, NULL),
(129, 9, 10, NULL, NULL),
(130, 10, 10, NULL, NULL),
(131, 8, 10, NULL, NULL),
(132, 5, 10, NULL, NULL),
(133, 11, 10, NULL, NULL),
(134, 12, 10, NULL, NULL),
(135, 3, 10, NULL, NULL);

INSERT INTO `resource_images` (`resource_image_id`, `resource_id`, `image_name`) VALUES
(13, 2, 'resource21584313798.jpg'),
(14, 10, 'resource101584313849.jpg'),
(15, 8, 'resource81584313870.jpg'),
(21, 1, 'resource11584318424.jpg'),
(23, 14, 'resource141584318478.jpg'),
(24, 15, 'resource151584318648.jpg'),
(25, 16, 'resource161584318668.jpg'),
(26, 17, 'resource171584318681.jpg');



INSERT INTO `resource_types` (`resource_type_id`, `resource_type_name`, `resource_type_description`) VALUES
(1, 'Audiovisuales', 'Aulas Audiovisuales de la Biblioteca'),
(2, 'Laboratorios', 'Laboratorios ICC'),
(3, 'Salones', 'Salones para conferencias de la Biblioteca');

INSERT INTO `schedules` (`schedule_id`, `name`, `isdefault`, `weekdaystart`, `daysvisible`, `layout_id`, `legacyid`, `public_id`, `allow_calendar_subscription`, `admin_group_id`, `start_date`, `end_date`, `allow_concurrent_bookings`, `default_layout`) VALUES
(1, 'Laboratorios ICC', 1, 100, 1, 3, NULL, NULL, 0, 3, NULL, NULL, 0, 0),
(2, 'Audivisuales Biblioteca', 0, 100, 1, 2, NULL, NULL, 0, 1, NULL, NULL, 0, 0),
(3, 'Salones Biblioteca', 0, 100, 1, 4, NULL, NULL, 0, 1, NULL, NULL, 0, 0);

INSERT INTO `time_blocks` (`block_id`, `label`, `end_label`, `availability_code`, `layout_id`, `start_time`, `end_time`, `day_of_week`) VALUES
(23, NULL, NULL, 2, 2, '00:00:00', '07:00:00', NULL),
(24, NULL, NULL, 1, 2, '07:00:00', '08:00:00', NULL),
(25, NULL, NULL, 1, 2, '08:00:00', '09:00:00', NULL),
(26, NULL, NULL, 1, 2, '09:00:00', '10:00:00', NULL),
(27, NULL, NULL, 1, 2, '10:00:00', '11:00:00', NULL),
(28, NULL, NULL, 1, 2, '11:00:00', '12:00:00', NULL),
(29, NULL, NULL, 1, 2, '12:00:00', '13:00:00', NULL),
(30, NULL, NULL, 1, 2, '13:00:00', '14:00:00', NULL),
(31, NULL, NULL, 1, 2, '14:00:00', '15:00:00', NULL),
(32, NULL, NULL, 1, 2, '15:00:00', '16:00:00', NULL),
(33, NULL, NULL, 1, 2, '16:00:00', '17:00:00', NULL),
(34, NULL, NULL, 1, 2, '17:00:00', '18:00:00', NULL),
(35, NULL, NULL, 1, 2, '18:00:00', '19:00:00', NULL),
(36, NULL, NULL, 1, 2, '19:00:00', '20:00:00', NULL),
(37, NULL, NULL, 1, 2, '20:00:00', '21:00:00', NULL),
(38, NULL, NULL, 2, 2, '21:00:00', '00:00:00', NULL),
(39, NULL, NULL, 2, 3, '00:00:00', '07:00:00', NULL),
(40, NULL, NULL, 1, 3, '07:00:00', '08:00:00', NULL),
(41, NULL, NULL, 1, 3, '08:00:00', '09:00:00', NULL),
(42, NULL, NULL, 1, 3, '09:00:00', '10:00:00', NULL),
(43, NULL, NULL, 1, 3, '10:00:00', '11:00:00', NULL),
(44, NULL, NULL, 1, 3, '11:00:00', '12:00:00', NULL),
(45, NULL, NULL, 1, 3, '12:00:00', '13:00:00', NULL),
(46, NULL, NULL, 1, 3, '13:00:00', '14:00:00', NULL),
(47, NULL, NULL, 1, 3, '14:00:00', '15:00:00', NULL),
(48, NULL, NULL, 1, 3, '15:00:00', '16:00:00', NULL),
(49, NULL, NULL, 1, 3, '16:00:00', '17:00:00', NULL),
(50, NULL, NULL, 1, 3, '17:00:00', '18:00:00', NULL),
(51, NULL, NULL, 1, 3, '18:00:00', '19:00:00', NULL),
(52, NULL, NULL, 1, 3, '19:00:00', '20:00:00', NULL),
(53, NULL, NULL, 1, 3, '20:00:00', '21:00:00', NULL),
(54, NULL, NULL, 2, 3, '21:00:00', '00:00:00', NULL),
(55, NULL, NULL, 2, 4, '00:00:00', '07:00:00', NULL),
(56, NULL, NULL, 1, 4, '07:00:00', '08:00:00', NULL),
(57, NULL, NULL, 1, 4, '08:00:00', '09:00:00', NULL),
(58, NULL, NULL, 1, 4, '09:00:00', '10:00:00', NULL),
(59, NULL, NULL, 1, 4, '10:00:00', '11:00:00', NULL),
(60, NULL, NULL, 1, 4, '11:00:00', '12:00:00', NULL),
(61, NULL, NULL, 1, 4, '12:00:00', '13:00:00', NULL),
(62, NULL, NULL, 1, 4, '13:00:00', '14:00:00', NULL),
(63, NULL, NULL, 1, 4, '14:00:00', '15:00:00', NULL),
(64, NULL, NULL, 1, 4, '15:00:00', '16:00:00', NULL),
(65, NULL, NULL, 1, 4, '16:00:00', '17:00:00', NULL),
(66, NULL, NULL, 1, 4, '17:00:00', '18:00:00', NULL),
(67, NULL, NULL, 1, 4, '18:00:00', '19:00:00', NULL),
(68, NULL, NULL, 1, 4, '19:00:00', '20:00:00', NULL),
(69, NULL, NULL, 1, 4, '20:00:00', '21:00:00', NULL),
(70, NULL, NULL, 2, 4, '21:00:00', '00:00:00', NULL);

INSERT INTO `users` (`user_id`, `fname`, `lname`, `username`, `email`, `password`, `salt`, `organization`, `position`, `phone`, `timezone`, `language`, `homepageid`, `date_created`, `last_modified`, `lastlogin`, `status_id`, `legacyid`, `legacypassword`, `public_id`, `allow_calendar_subscription`, `default_schedule_id`, `credit_count`, `terms_date_accepted`) VALUES
(2, 'Administrador', 'de la Plataforma', 'Administrador', 'admin@unicah.edu', '70f3e748c6801656e4aae9dca6ee98ab137d952c', '4a04db87', 'UNICAH, Sagrado Corazón de Jesús', 'Administrador', '', 'America/Tegucigalpa', 'es', 1, '2020-03-15 02:14:37', '2020-03-16 05:09:36', '2020-03-15 23:09:36', 1, NULL, NULL, '04ac259fe50ae509f153', 0, 1, '0.00', NULL),
(3, 'Administrador', 'de los Laboratorios', 'Laboratorios', 'labadmin@unicah.edu', 'f79eb2165bb5d1b9791da16c61a1a66e0ab88d80', '418858e9', 'UNICAH, Sagrado Corazón de Jesús', 'Administrador', '', 'America/Tegucigalpa', 'es', 2, '2020-03-15 21:11:19', '2020-03-16 04:51:33', '2020-03-15 22:51:28', 1, NULL, NULL, 'b03ca00928428e270bac', 0, 1, '0.00', NULL),
(4, 'Administrador', 'de la Biblioteca', 'Biblioteca', 'biblioadmin@unicah.edu', 'c76c10da4579b1142e1d45b30b12de8c9459d410', '1a36a8bd', 'UNICAH, Sagrado Corazón de Jesús', 'Administrador', '', 'America/Tegucigalpa', 'es', 2, '2020-03-15 21:12:36', '2020-03-16 04:51:50', '2020-03-15 22:51:50', 1, NULL, NULL, '7518c467cd92babfcad3', 0, 2, '0.00', NULL),
(5, 'Docente', 'UNICAH', 'Docentes', 'docente@unicah.edu', '213dabbeb3ef6a562464be9f89fade7be285ad7d', '30f84c72', 'UNICAH, Sagrado Corazón de Jesús', 'Docente', '', 'America/Tegucigalpa', 'es', 2, '2020-03-15 21:13:30', '2020-03-16 04:51:41', '2020-03-15 22:51:41', 1, NULL, NULL, '9cf902a4b87f131f6178', 0, NULL, '0.00', NULL);

INSERT INTO `user_groups` (`user_id`, `group_id`) VALUES
(4, 1),
(2, 2),
(3, 3),
(5, 4);

INSERT INTO `user_resource_permissions` (`user_id`, `resource_id`, `permission_id`, `permission_type`) VALUES
(2, 1, 1, 0),
(2, 2, 1, 0),
(2, 3, 1, 0),
(2, 5, 1, 0),
(2, 6, 1, 0),
(2, 7, 1, 0),
(2, 8, 1, 0),
(2, 9, 1, 0),
(2, 10, 1, 0),
(2, 11, 1, 0),
(2, 12, 1, 0),
(2, 13, 1, 0),
(2, 14, 1, 0),
(2, 15, 1, 0),
(2, 16, 1, 0),
(2, 17, 1, 0),
(2, 18, 1, 0),
(3, 1, 1, 0),
(3, 13, 1, 0),
(3, 14, 1, 0),
(3, 15, 1, 0),
(3, 16, 1, 0),
(3, 17, 1, 0),
(3, 18, 1, 0),
(4, 2, 1, 0),
(4, 3, 1, 0),
(4, 5, 1, 0),
(4, 6, 1, 0),
(4, 7, 1, 0),
(4, 8, 1, 0),
(4, 9, 1, 0),
(4, 10, 1, 0),
(4, 11, 1, 0),
(4, 12, 1, 0),
(5, 1, 1, 0),
(5, 2, 1, 0),
(5, 3, 1, 0),
(5, 5, 1, 0),
(5, 6, 1, 0),
(5, 7, 1, 0),
(5, 8, 1, 0),
(5, 9, 1, 0),
(5, 10, 1, 0),
(5, 11, 1, 0),
(5, 12, 1, 0),
(5, 13, 1, 0),
(5, 14, 1, 0),
(5, 15, 1, 0),
(5, 16, 1, 0),
(5, 17, 1, 0),
(5, 18, 1, 0);

SET foreign_key_checks = 1;